{
  "countryCodes": [
    {
      "name": "Bahrain",
      "code": "+973"
    },
    {
      "name": "Egypt",
      "code": "+20"
    },
    {
      "name": "India",
      "code": "+91"
    },
    {
      "name": "Iran",
      "code": "+98"
    },
    {
      "name": "Iraq",
      "code": "+964"
    },
    {
      "name": "Israel",
      "code": "+972"
    },
    {
      "name": "Jordan",
      "code": "+962"
    },
    {
      "name": "Kuwait",
      "code": "+965"
    },
    {
      "name": "Lebanon",
      "code": "+961"
    },
    {
      "name": "Oman",
      "code": "+968"
    },
    {
      "name": "Palestinian Territory",
      "code": "+970"
    },
    {
      "name": "Qatar",
      "code": "+974"
    },
    {
      "name": "Saudi Arabia",
      "code": "+966"
    },
    {
      "name": "Syria",
      "code": "+963"
    },
    {
      "name": "Turkey",
      "code": "+90"
    },
    {
      "name": "United Arab Emirates",
      "code": "+971"
    },
    {
      "name": "Yemen",
      "code": "+967"
    }

  ]

}
